{
    "loss": 4.362362384796143,
    "accuracy": 0.6187050342559814
}