{
    "loss": 3.4576058387756348,
    "accuracy": 0.713638424873352
}