{
    "loss": 6.046582221984863,
    "accuracy": 0.48708653450012207
}